{
  "fpcStiffeners": [
    {
      "id": "e60",
      "gerber": "Gerber_BottomStiffenerLayer_gpb_0.3.GBSL",
      "layer": "bottom",
      "material": "steel",
      "thickness": "0.3",
      "path": [
        [
          [
            "R",
            6637.7953,
            1220.4724,
            346.4567,
            1220.4724,
            0,
            0
          ]
        ]
      ]
    },
    {
      "id": "e61",
      "gerber": "Gerber_BottomStiffenerLayer_fr4b_0.2.GBSL",
      "layer": "bottom",
      "material": "fr4",
      "thickness": "0.2",
      "path": [
        [
          [
            "R",
            7342.5197,
            1220.4724,
            291.3386,
            1220.4724,
            0,
            0
          ]
        ]
      ]
    },
    {
      "id": "e62",
      "gerber": "Gerber_BottomStiffenerLayer_fr4b_0.2.GBSL",
      "layer": "bottom",
      "material": "fr4",
      "thickness": "0.2",
      "path": [
        [
          [
            "R",
            8326.7717,
            1220.4724,
            291.3386,
            1220.4724,
            0,
            0
          ]
        ]
      ]
    },
    {
      "id": "e296",
      "gerber": "Gerber_BottomStiffenerLayer_pib_0.225.GBSL",
      "layer": "bottom",
      "material": "pi",
      "thickness": "0.225",
      "path": [
        [
          [
            "R",
            583.6614,
            1220.4724,
            249.6063,
            1220.4724,
            0,
            0
          ]
        ]
      ]
    },
    {
      "id": "e73",
      "gerber": "Gerber_BottomStiffenerLayer_pib_0.225.GBSL",
      "layer": "bottom",
      "material": "pi",
      "thickness": "0.225",
      "path": [
        [
          [
            1569.8998,
            1145.6694,
            "ARC",
            90,
            1550.1952,
            1125.9648,
            "L",
            1550.1952,
            396.6542,
            1550.1937,
            396.6527,
            "ARC",
            45,
            1533.4646,
            356.2651,
            "L",
            1533.4646,
            218.4999,
            "ARC",
            90,
            1553.146,
            198.8185,
            "L",
            1635.8417,
            198.8185,
            1635.8412,
            198.8311,
            "ARC",
            170.5432,
            1635.8412,
            198.8185,
            "L",
            1635.848,
            198.8248,
            "ARC",
            90,
            1655.5085,
            218.4853,
            "L",
            1655.5085,
            356.2575,
            "ARC",
            45,
            1638.7763,
            396.6526,
            "L",
            1638.7763,
            1125.9782,
            "ARC",
            90,
            1619.0913,
            1145.6632,
            "L",
            1569.906,
            1145.6632,
            1569.9079,
            1145.6753,
            "ARC",
            -155.8745,
            1569.9067,
            1145.6632,
            "L",
            1569.8998,
            1145.6694
          ]
        ]
      ]
    },
    {
      "id": "e76",
      "gerber": "Gerber_BottomStiffenerLayer_pib_0.225.GBSL",
      "layer": "bottom",
      "material": "pi",
      "thickness": "0.225",
      "path": [
        [
          [
            1884.8604,
            1145.6694,
            "ARC",
            90,
            1865.1558,
            1125.9648,
            "L",
            1865.1558,
            396.6542,
            1865.1543,
            396.6527,
            "ARC",
            45,
            1848.4252,
            356.2651,
            "L",
            1848.4252,
            218.4999,
            "ARC",
            90,
            1868.1066,
            198.8185,
            "L",
            1950.8023,
            198.8185,
            1950.8018,
            198.8311,
            "ARC",
            170.5432,
            1950.8018,
            198.8185,
            "L",
            1950.8086,
            198.8248,
            "ARC",
            90,
            1970.4691,
            218.4853,
            "L",
            1970.4691,
            356.2575,
            "ARC",
            45,
            1953.7369,
            396.6526,
            "L",
            1953.7369,
            1125.9782,
            "ARC",
            90,
            1934.0519,
            1145.6632,
            "L",
            1884.8666,
            1145.6632,
            1884.8685,
            1145.6753,
            "ARC",
            -155.8745,
            1884.8673,
            1145.6632,
            "L",
            1884.8604,
            1145.6694
          ]
        ]
      ]
    },
    {
      "id": "e81",
      "gerber": "Gerber_BottomStiffenerLayer_pib_0.225.GBSL",
      "layer": "bottom",
      "material": "pi",
      "thickness": "0.225",
      "path": [
        [
          [
            2199.821,
            1145.6694,
            "ARC",
            90,
            2180.1164,
            1125.9648,
            "L",
            2180.1164,
            396.6542,
            2180.1149,
            396.6527,
            "ARC",
            45,
            2163.3858,
            356.2651,
            "L",
            2163.3858,
            218.4999,
            "ARC",
            90,
            2183.0672,
            198.8185,
            "L",
            2265.7629,
            198.8185,
            2265.7624,
            198.8311,
            "ARC",
            170.5432,
            2265.7624,
            198.8185,
            "L",
            2265.7692,
            198.8248,
            "ARC",
            90,
            2285.4297,
            218.4853,
            "L",
            2285.4297,
            356.2575,
            "ARC",
            45,
            2268.6975,
            396.6526,
            "L",
            2268.6975,
            1125.9782,
            "ARC",
            90,
            2249.0125,
            1145.6632,
            "L",
            2199.8272,
            1145.6632,
            2199.8291,
            1145.6753,
            "ARC",
            -155.8745,
            2199.8279,
            1145.6632,
            "L",
            2199.821,
            1145.6694
          ]
        ]
      ]
    },
    {
      "id": "e82",
      "gerber": "Gerber_BottomStiffenerLayer_pib_0.225.GBSL",
      "layer": "bottom",
      "material": "pi",
      "thickness": "0.225",
      "path": [
        [
          [
            3439.9785,
            1145.6694,
            "ARC",
            90,
            3420.2739,
            1125.9648,
            "L",
            3420.2739,
            396.6542,
            3420.2724,
            396.6527,
            "ARC",
            45,
            3403.5433,
            356.2651,
            "L",
            3403.5433,
            218.4999,
            "ARC",
            90,
            3423.2247,
            198.8185,
            "L",
            3505.9204,
            198.8185,
            3505.9199,
            198.8311,
            "ARC",
            170.5432,
            3505.9199,
            198.8185,
            "L",
            3505.9267,
            198.8248,
            "ARC",
            90,
            3525.5872,
            218.4853,
            "L",
            3525.5872,
            356.2575,
            "ARC",
            45,
            3508.855,
            396.6526,
            "L",
            3508.855,
            1125.9782,
            "ARC",
            90,
            3489.17,
            1145.6632,
            "L",
            3439.9847,
            1145.6632,
            3439.9866,
            1145.6753,
            "ARC",
            -155.8745,
            3439.9854,
            1145.6632,
            "L",
            3439.9785,
            1145.6694
          ]
        ]
      ]
    },
    {
      "id": "e89",
      "gerber": "Gerber_BottomStiffenerLayer_pib_0.225.GBSL",
      "layer": "bottom",
      "material": "pi",
      "thickness": "0.225",
      "path": [
        [
          [
            3754.9392,
            1145.6694,
            "ARC",
            90,
            3735.2346,
            1125.9648,
            "L",
            3735.2346,
            396.6542,
            3735.2331,
            396.6527,
            "ARC",
            45,
            3718.504,
            356.2651,
            "L",
            3718.504,
            218.4999,
            "ARC",
            90,
            3738.1854,
            198.8185,
            "L",
            3820.8811,
            198.8185,
            3820.8806,
            198.8311,
            "ARC",
            170.5432,
            3820.8806,
            198.8185,
            "L",
            3820.8874,
            198.8248,
            "ARC",
            90,
            3840.5479,
            218.4853,
            "L",
            3840.5479,
            356.2575,
            "ARC",
            45,
            3823.8157,
            396.6526,
            "L",
            3823.8157,
            1125.9782,
            "ARC",
            90,
            3804.1307,
            1145.6632,
            "L",
            3754.9454,
            1145.6632,
            3754.9473,
            1145.6753,
            "ARC",
            -155.8745,
            3754.9461,
            1145.6632,
            "L",
            3754.9392,
            1145.6694
          ]
        ]
      ]
    },
    {
      "id": "e91",
      "gerber": "Gerber_BottomStiffenerLayer_pib_0.225.GBSL",
      "layer": "bottom",
      "material": "pi",
      "thickness": "0.225",
      "path": [
        [
          [
            4069.8998,
            1145.6694,
            "ARC",
            90,
            4050.1952,
            1125.9648,
            "L",
            4050.1952,
            396.6542,
            4050.1937,
            396.6527,
            "ARC",
            45,
            4033.4646,
            356.2651,
            "L",
            4033.4646,
            218.4999,
            "ARC",
            90,
            4053.146,
            198.8185,
            "L",
            4135.8417,
            198.8185,
            4135.8412,
            198.8311,
            "ARC",
            170.5432,
            4135.8412,
            198.8185,
            "L",
            4135.848,
            198.8248,
            "ARC",
            90,
            4155.5085,
            218.4853,
            "L",
            4155.5085,
            356.2575,
            "ARC",
            45,
            4138.7763,
            396.6526,
            "L",
            4138.7763,
            1125.9782,
            "ARC",
            90,
            4119.0913,
            1145.6632,
            "L",
            4069.906,
            1145.6632,
            4069.9079,
            1145.6753,
            "ARC",
            -155.8745,
            4069.9067,
            1145.6632,
            "L",
            4069.8998,
            1145.6694
          ]
        ]
      ]
    },
    {
      "id": "e92",
      "gerber": "Gerber_BottomStiffenerLayer_pib_0.225.GBSL",
      "layer": "bottom",
      "material": "pi",
      "thickness": "0.225",
      "path": [
        [
          [
            4384.8604,
            1145.6694,
            "ARC",
            90,
            4365.1558,
            1125.9648,
            "L",
            4365.1558,
            396.6542,
            4365.1543,
            396.6527,
            "ARC",
            45,
            4348.4252,
            356.2651,
            "L",
            4348.4252,
            218.4999,
            "ARC",
            90,
            4368.1066,
            198.8185,
            "L",
            4450.8023,
            198.8185,
            4450.8018,
            198.8311,
            "ARC",
            170.5432,
            4450.8018,
            198.8185,
            "L",
            4450.8086,
            198.8248,
            "ARC",
            90,
            4470.4691,
            218.4853,
            "L",
            4470.4691,
            356.2575,
            "ARC",
            45,
            4453.7369,
            396.6526,
            "L",
            4453.7369,
            1125.9782,
            "ARC",
            90,
            4434.0519,
            1145.6632,
            "L",
            4384.8666,
            1145.6632,
            4384.8685,
            1145.6753,
            "ARC",
            -155.8745,
            4384.8673,
            1145.6632,
            "L",
            4384.8604,
            1145.6694
          ]
        ]
      ]
    },
    {
      "id": "e95",
      "gerber": "Gerber_BottomStiffenerLayer_pib_0.225.GBSL",
      "layer": "bottom",
      "material": "pi",
      "thickness": "0.225",
      "path": [
        [
          [
            4699.821,
            1145.6694,
            "ARC",
            90,
            4680.1164,
            1125.9648,
            "L",
            4680.1164,
            396.6542,
            4680.1149,
            396.6527,
            "ARC",
            45,
            4663.3858,
            356.2651,
            "L",
            4663.3858,
            218.4999,
            "ARC",
            90,
            4683.0672,
            198.8185,
            "L",
            4765.7629,
            198.8185,
            4765.7624,
            198.8311,
            "ARC",
            170.5432,
            4765.7624,
            198.8185,
            "L",
            4765.7692,
            198.8248,
            "ARC",
            90,
            4785.4297,
            218.4853,
            "L",
            4785.4297,
            356.2575,
            "ARC",
            45,
            4768.6975,
            396.6526,
            "L",
            4768.6975,
            1125.9782,
            "ARC",
            90,
            4749.0125,
            1145.6632,
            "L",
            4699.8272,
            1145.6632,
            4699.8291,
            1145.6753,
            "ARC",
            -155.8745,
            4699.8279,
            1145.6632,
            "L",
            4699.821,
            1145.6694
          ]
        ]
      ]
    },
    {
      "id": "e892",
      "gerber": "Gerber_TopStiffenerLayer_pit_0.225.GTSL",
      "layer": "top",
      "material": "pi",
      "thickness": "0.225",
      "path": [
        [
          [
            157.4803,
            944.8819,
            "L",
            179.6613,
            989.2438,
            179.6825,
            231.1863,
            157.4803,
            275.5906,
            -19.685,
            275.5906,
            -19.685,
            944.88,
            157.4803,
            944.8819
          ]
        ]
      ]
    }
  ]
}