{
"lengthUnit": "mil",
"remark": [],
"components": {
	"fields": ["COMPONENT_NO", "COMPONENT_NAME", "LAYER", "X_COORDINATE", "Y_COORDINATE", "ANGLE"],
	"rows": [
		[1, "U5", "B", 72.7165, 610.2362, 90],
		[2, "U8", "T", 472.4409, 785.4329, 0],
		[3, "U9", "T", 472.4409, 431.1022, 0],
		[4, "U10", "T", 472.4409, 549.2124, 0],
		[5, "U11", "T", 472.4409, 667.3227, 0],
		[6, "PAD1", "T", 472.4409, 785.4329, 0],
		[7, "PAD1", "B", 472.4409, 785.4329, 0],
		[8, "PAD2", "T", 472.4409, 431.1022, 0],
		[9, "PAD2", "B", 472.4409, 431.1022, 0],
		[10, "PAD3", "T", 472.4409, 549.2124, 0],
		[11, "PAD3", "B", 472.4409, 549.2124, 0],
		[12, "PAD4", "B", 72.7165, 314.9606, 0],
		[13, "PAD5", "B", 72.7165, 354.3307, 0],
		[14, "PAD6", "B", 72.7165, 393.7008, 0],
		[15, "PAD7", "B", 72.7165, 433.0708, 0],
		[16, "PAD8", "B", 72.7165, 511.811, 0],
		[17, "PAD9", "B", 72.7165, 551.1811, 0],
		[18, "PAD10", "B", 72.7165, 590.5512, 0],
		[19, "PAD11", "B", 72.7165, 629.9212, 0],
		[20, "PAD12", "B", 72.7165, 669.2913, 0],
		[21, "PAD13", "B", 72.7165, 748.0315, 0],
		[22, "PAD14", "B", 72.7165, 787.4016, 0],
		[23, "PAD15", "B", 72.7165, 826.7716, 0],
		[24, "PAD16", "B", 72.7165, 866.1417, 0],
		[25, "PAD17", "B", 72.7165, 905.5118, 0],
		[26, "PAD18", "T", 472.4409, 667.3227, 0],
		[27, "PAD18", "B", 472.4409, 667.3227, 0]
	]
},
"pins": {
	"fields": ["PIN_NO", "PIN_NAME", "PIN_X", "PIN_Y", "LAYER", "PIN_TYPE", "NET_NAME", "NET_TYPE", "PAD_SHAPE", "PAD_SIZEX", "PAD_SIZEY", "HOLE_SIZE", "HOLE_LEN", "PAD_ANGLE"],
	"rows": [
		[1, "U5_1", 72.7165, 314.9606, "B", "SMD", "ATT_UPDI", "", "R", 19.685, 129.7244, 0, 0, 90],
		[2, "U5_2", 72.7165, 354.3307, "B", "SMD", "ATT_TX", "", "R", 19.685, 129.7244, 0, 0, 90],
		[3, "U5_3", 72.7165, 393.7008, "B", "SMD", "GND", "GND", "R", 19.685, 129.7244, 0, 0, 90],
		[4, "U5_4", 72.7165, 433.0708, "B", "SMD", "GND", "GND", "R", 19.685, 129.7244, 0, 0, 90],
		[5, "U5_5", 72.7165, 472.4409, "B", "SMD", "NET_1", "", "R", 19.685, 129.7244, 0, 0, 90],
		[6, "U5_6", 72.7165, 511.811, "B", "SMD", "VCC", "", "R", 19.685, 129.7244, 0, 0, 90],
		[7, "U5_7", 72.7165, 551.1811, "B", "SMD", "VCC", "", "R", 19.685, 129.7244, 0, 0, 90],
		[8, "U5_8", 72.7165, 590.5512, "B", "SMD", "VCC", "", "R", 19.685, 129.7244, 0, 0, 90],
		[9, "U5_9", 72.7165, 629.9212, "B", "SMD", "VCC", "", "R", 19.685, 129.7244, 0, 0, 90],
		[10, "U5_10", 72.7165, 669.2913, "B", "SMD", "VCC", "", "R", 19.685, 129.7244, 0, 0, 90],
		[11, "U5_11", 72.7165, 708.6614, "B", "SMD", "NET_2", "", "R", 19.685, 129.7244, 0, 0, 90],
		[12, "U5_12", 72.7165, 748.0315, "B", "SMD", "GND", "GND", "R", 19.685, 129.7244, 0, 0, 90],
		[13, "U5_13", 72.7165, 787.4016, "B", "SMD", "GND", "GND", "R", 19.685, 129.7244, 0, 0, 90],
		[14, "U5_14", 72.7165, 826.7716, "B", "SMD", "GND", "GND", "R", 19.685, 129.7244, 0, 0, 90],
		[15, "U5_15", 72.7165, 866.1417, "B", "SMD", "GND", "GND", "R", 19.685, 129.7244, 0, 0, 90],
		[16, "U5_16", 72.7165, 905.5118, "B", "SMD", "GND", "GND", "R", 19.685, 129.7244, 0, 0, 90],
		[17, "U8_1", 472.4409, 785.4329, "T", "DIP", "GND", "GND", "C", 60, 60, 36, 36, 0],
		[18, "U8_1", 472.4409, 785.4329, "B", "DIP", "GND", "GND", "C", 60, 60, 36, 36, 0],
		[19, "U9_1", 472.4409, 431.1022, "T", "DIP", "ATT_UPDI", "", "C", 60, 60, 36, 36, 0],
		[20, "U9_1", 472.4409, 431.1022, "B", "DIP", "ATT_UPDI", "", "C", 60, 60, 36, 36, 0],
		[21, "U10_1", 472.4409, 549.2124, "T", "DIP", "ATT_TX", "", "C", 60, 60, 36, 36, 0],
		[22, "U10_1", 472.4409, 549.2124, "B", "DIP", "ATT_TX", "", "C", 60, 60, 36, 36, 0],
		[23, "U11_1", 472.4409, 667.3227, "T", "DIP", "VCC", "", "C", 60, 60, 36, 36, 0],
		[24, "U11_1", 472.4409, 667.3227, "B", "DIP", "VCC", "", "C", 60, 60, 36, 36, 0],
		[25, "PAD1_1", 472.4409, 785.4329, "T", "DIP", "GND", "GND", "C", 60, 60, 36, 36, 0],
		[26, "PAD1_1", 472.4409, 785.4329, "B", "DIP", "GND", "GND", "C", 60, 60, 36, 36, 0],
		[27, "PAD2_1", 472.4409, 431.1022, "T", "DIP", "ATT_UPDI", "", "C", 60, 60, 36, 36, 0],
		[28, "PAD2_1", 472.4409, 431.1022, "B", "DIP", "ATT_UPDI", "", "C", 60, 60, 36, 36, 0],
		[29, "PAD3_1", 472.4409, 549.2124, "T", "DIP", "ATT_TX", "", "C", 60, 60, 36, 36, 0],
		[30, "PAD3_1", 472.4409, 549.2124, "B", "DIP", "ATT_TX", "", "C", 60, 60, 36, 36, 0],
		[31, "PAD4_1", 72.7165, 314.9606, "B", "SMD", "ATT_UPDI", "", "R", 19.685, 129.7244, 0, 0, 90],
		[32, "PAD5_2", 72.7165, 354.3307, "B", "SMD", "ATT_TX", "", "R", 19.685, 129.7244, 0, 0, 90],
		[33, "PAD6_3", 72.7165, 393.7008, "B", "SMD", "GND", "GND", "R", 19.685, 129.7244, 0, 0, 90],
		[34, "PAD7_4", 72.7165, 433.0708, "B", "SMD", "GND", "GND", "R", 19.685, 129.7244, 0, 0, 90],
		[35, "PAD8_6", 72.7165, 511.811, "B", "SMD", "VCC", "", "R", 19.685, 129.7244, 0, 0, 90],
		[36, "PAD9_7", 72.7165, 551.1811, "B", "SMD", "VCC", "", "R", 19.685, 129.7244, 0, 0, 90],
		[37, "PAD10_8", 72.7165, 590.5512, "B", "SMD", "VCC", "", "R", 19.685, 129.7244, 0, 0, 90],
		[38, "PAD11_9", 72.7165, 629.9212, "B", "SMD", "VCC", "", "R", 19.685, 129.7244, 0, 0, 90],
		[39, "PAD12_10", 72.7165, 669.2913, "B", "SMD", "VCC", "", "R", 19.685, 129.7244, 0, 0, 90],
		[40, "PAD13_12", 72.7165, 748.0315, "B", "SMD", "GND", "GND", "R", 19.685, 129.7244, 0, 0, 90],
		[41, "PAD14_13", 72.7165, 787.4016, "B", "SMD", "GND", "GND", "R", 19.685, 129.7244, 0, 0, 90],
		[42, "PAD15_14", 72.7165, 826.7716, "B", "SMD", "GND", "GND", "R", 19.685, 129.7244, 0, 0, 90],
		[43, "PAD16_15", 72.7165, 866.1417, "B", "SMD", "GND", "GND", "R", 19.685, 129.7244, 0, 0, 90],
		[44, "PAD17_16", 72.7165, 905.5118, "B", "SMD", "GND", "GND", "R", 19.685, 129.7244, 0, 0, 90],
		[45, "PAD18_1", 472.4409, 667.3227, "T", "DIP", "VCC", "", "C", 60, 60, 36, 36, 0],
		[46, "PAD18_1", 472.4409, 667.3227, "B", "DIP", "VCC", "", "C", 60, 60, 36, 36, 0]
	]
}
}